train_losses,train_accuracies,test_losses,test_accuracies,epoch
0.6930345319590326,0.4984110169491525,0.692567865638172,0.4925925925925926,1
0.6893152640027514,0.6371822033898306,0.686870303808474,0.6320987654320988,2
0.67811659811917,0.6758474576271186,0.6757057355899437,0.6320987654320988,3
0.6627544048479048,0.6758474576271186,0.6638790293067109,0.6320987654320988,4
0.6471933876558885,0.6758474576271186,0.6513824731695885,0.6320987654320988,5
0.633124034788649,0.6758474576271186,0.6417624103088005,0.6320987654320988,6
0.62070909609734,0.6758474576271186,0.631222195485059,0.6320987654320988,7
0.6093965931716612,0.6774364406779662,0.623875755889743,0.654320987654321,8
0.59884408899283,0.7208686440677966,0.6123139934212554,0.7037037037037037,9
0.5888383187732454,0.7351694915254238,0.607444094968777,0.7098765432098766,10
0.5793042374869525,0.736228813559322,0.5963226489576638,0.7197530864197531,11
0.5695051415744474,0.739406779661017,0.5862954118672539,0.7197530864197531,12
0.559427429053743,0.7409957627118644,0.5787389418658089,0.7197530864197531,13
0.5485410637269585,0.7404661016949152,0.5641612655976239,0.7209876543209877,14
0.5363445208739426,0.7409957627118644,0.5504384327168558,0.7209876543209877,15
0.5230069078378758,0.7552966101694916,0.539573774618261,0.7419753086419754,16
0.5082670873252012,0.763771186440678,0.5203880321453599,0.7444444444444445,17
0.49238046776440186,0.7786016949152542,0.5039436355525372,0.7518518518518519,18
0.47581558756656567,0.7860169491525424,0.48806552384413926,0.754320987654321,19
0.45900004129793687,0.7902542372881356,0.468566872325598,0.7641975308641975,20
0.4419748307663505,0.7955508474576272,0.44915009655204474,0.7802469135802469,21
0.4244317855622809,0.826271186440678,0.43558019180508223,0.817283950617284,22
0.40603918253870336,0.8426906779661016,0.40812676122375563,0.8395061728395061,23
0.3871761492879714,0.8628177966101694,0.3882339081051303,0.8518518518518519,24
0.36871369820782696,0.871822033898305,0.37103549025806726,0.8580246913580247,25
0.35119752194416726,0.8744703389830508,0.3579121286086008,0.8691358024691358,26
0.33457397884231505,0.8808262711864406,0.33367063200064734,0.8814814814814815,27
0.31887254459878145,0.8882415254237288,0.31901465107997257,0.8987654320987655,28
0.3041687268384938,0.895656779661017,0.30402810155761006,0.9074074074074074,29
0.2903974070450512,0.9009533898305084,0.29780352999474485,0.9135802469135802,30
0.277513782604266,0.9078389830508474,0.27860403893625035,0.9160493827160494,31
0.26561170008222934,0.9120762711864406,0.26729403169570015,0.9185185185185185,32
0.25468223021065783,0.916843220338983,0.2572155937041138,0.9197530864197531,33
0.24473954162607758,0.9231991525423728,0.2481718276645623,0.9259259259259259,34
0.23560734042676829,0.9274364406779662,0.2399941171501197,0.928395061728395,35
0.22724596013204526,0.9332627118644068,0.23524058266889816,0.9345679012345679,36
0.2196160454018894,0.9375,0.2250752557872557,0.937037037037037,37
0.21249903007647244,0.9380296610169492,0.21885355357445924,0.9382716049382716,38
0.2059231847998197,0.9385593220338984,0.2122274729258874,0.9382716049382716,39
0.19974730558440848,0.9401483050847458,0.2065554050838246,0.9419753086419753,40
0.19394314697927842,0.9433262711864406,0.20123139900319717,0.9432098765432099,41
0.18848561385046628,0.9486228813559322,0.19574352501727202,0.945679012345679,42
0.18333933143324013,0.948093220338983,0.19636646325827814,0.945679012345679,43
0.17841044472435774,0.9491525423728814,0.18661961397703955,0.9493827160493827,44
0.17368507729369706,0.9496822033898306,0.18183667395336955,0.9493827160493827,45
0.16912855496787924,0.9507415254237288,0.18251484420661832,0.9518518518518518,46
0.16469505617900168,0.9528601694915254,0.17749352773249732,0.9543209876543209,47
0.16039330639355517,0.9533898305084746,0.168784703785444,0.9555555555555556,48
0.1562309766551322,0.9533898305084746,0.16472321794386588,0.9555555555555556,49
0.15219216481230016,0.9533898305084746,0.16062994787067758,0.9543209876543209,50
0.14833880460552745,0.9528601694915254,0.15698649544341892,0.9543209876543209,51
0.1445829471004969,0.9539194915254238,0.15371852039414294,0.9543209876543209,52
0.14103215305387215,0.9533898305084746,0.14996004853324563,0.9543209876543209,53
0.13760267542201585,0.9533898305084746,0.1464200950793776,0.9543209876543209,54
0.13430195752633894,0.9533898305084746,0.1431236612866176,0.9543209876543209,55
0.13116922390142108,0.9523305084745762,0.14071580139445325,0.9567901234567902,56
0.1281590525660727,0.954978813559322,0.1371050099659638,0.9580246913580247,57
0.12525948732144246,0.9570974576271186,0.14178157359471216,0.9580246913580247,58
0.1224257162756334,0.961864406779661,0.13144405338657544,0.9592592592592593,59
0.11971798279299006,0.961864406779661,0.1303081972542785,0.9592592592592593,60
0.11709829910768796,0.9629237288135594,0.12722473822570607,0.9604938271604938,61
0.1145812016635565,0.9623940677966102,0.1240003755060481,0.9604938271604938,62
0.11202478723924102,0.9634533898305084,0.12161559545818497,0.9604938271604938,63
0.10959052740225285,0.9639830508474576,0.11935034471417905,0.9604938271604938,64
0.10711371820514738,0.9661016949152542,0.11755845258377638,0.9617283950617284,65
0.10468377240428353,0.96875,0.1149963618886164,0.9641975308641976,66
0.10229539094982132,0.971927966101695,0.11279106554438305,0.9629629629629629,67
0.09988776425499532,0.972457627118644,0.11105613052096291,0.9617283950617284,68
0.0975230113747214,0.9729872881355932,0.10869724076588218,0.9617283950617284,69
0.09518283648195408,0.9729872881355932,0.10670644902012438,0.9629629629629629,70
0.09291500356581094,0.9735169491525424,0.10569331475633982,0.9617283950617284,71
0.09064998480657084,0.9740466101694916,0.1045316680535382,0.9617283950617284,72
0.0884320267196942,0.9745762711864406,0.10101305047397081,0.9629629629629629,73
0.08631085483179728,0.9745762711864406,0.09920349374513927,0.9629629629629629,74
0.08423355866965475,0.9745762711864406,0.09797435109138343,0.9629629629629629,75
0.08222764706973112,0.9751059322033898,0.09573048794203821,0.9629629629629629,76
0.0803212458609408,0.975635593220339,0.09406765893229521,0.9629629629629629,77
0.07845705766447868,0.9761652542372882,0.09582868555569839,0.9629629629629629,78
0.07669676774501075,0.9766949152542372,0.09078183221943475,0.9654320987654321,79
0.07495420405609628,0.9766949152542372,0.08933884088251301,0.9654320987654321,80
0.07329874299959895,0.9766949152542372,0.08767699504923988,0.9654320987654321,81
0.07169250461422855,0.9766949152542372,0.08656071182386037,0.9654320987654321,82
0.0701502429423025,0.9766949152542372,0.08470215786855631,0.9654320987654321,83
0.0686888297190061,0.9772245762711864,0.08314651678266077,0.9666666666666667,84
0.06719089448165891,0.9777542372881356,0.0817781739352344,0.9666666666666667,85
0.06580381731550067,0.9777542372881356,0.08023090060034484,0.9666666666666667,86
0.06442801135353413,0.9782838983050848,0.0808710865973148,0.9679012345679012,87
0.06307651192789415,0.982521186440678,0.07747530704021782,0.980246913580247,88
0.061789624869006576,0.9841101694915254,0.07765974193542063,0.980246913580247,89
0.0604989721708126,0.9841101694915254,0.081550323646333,0.9814814814814815,90
0.05923965007660642,0.9851694915254238,0.07321538823410212,0.9814814814814815,91
0.05799208493100211,0.9856991525423728,0.07194220115928271,0.9814814814814815,92
0.05678410342276902,0.9856991525423728,0.07044353719788442,0.9814814814814815,93
0.05558908965425779,0.986228813559322,0.06911992918079098,0.9814814814814815,94
0.054397564693117295,0.9867584745762712,0.06772145522443358,0.9839506172839506,95
0.053217843775755835,0.986228813559322,0.06642635665062413,0.9839506172839506,96
0.05204658035407932,0.986228813559322,0.06500885565308671,0.9839506172839506,97
0.05089848638232008,0.9867584745762712,0.06363411033959768,0.9839506172839506,98
0.04976262415461321,0.9872881355932204,0.062193114247444704,0.9839506172839506,99
0.04862621005255062,0.9872881355932204,0.060864515319824966,0.9839506172839506,100
0.04749756497952503,0.9872881355932204,0.05978822273056151,0.9839506172839506,101
0.04636395153536765,0.9872881355932204,0.0582022128150771,0.9827160493827161,102
0.04523906985794044,0.9872881355932204,0.05727176439683592,0.9827160493827161,103
0.04412411920967022,0.9872881355932204,0.0554415238399159,0.9827160493827161,104
0.04301258788004585,0.9872881355932204,0.05411154770020706,0.9827160493827161,105
0.04187955822462908,0.9878177966101694,0.053485916623863955,0.9827160493827161,106
0.040752931112920276,0.9883474576271186,0.05165469583766489,0.9839506172839506,107
0.03964562629353476,0.9888771186440678,0.049880875961332324,0.9839506172839506,108
0.03853472860251806,0.9888771186440678,0.04867319268169904,0.9839506172839506,109
0.037442024829264696,0.989406779661017,0.04710468548828252,0.9839506172839506,110
0.03633417404045635,0.989406779661017,0.04566596803759275,0.9839506172839506,111
0.03522647755263448,0.989406779661017,0.0443294659158781,0.9864197530864197,112
0.03412171193125132,0.989406779661017,0.043321398641530645,0.9864197530864197,113
0.03303277471108447,0.9904661016949152,0.041483256987560835,0.9876543209876543,114
0.03194094528719118,0.9904661016949152,0.04008996026994496,0.9876543209876543,115
0.030876486686438664,0.9904661016949152,0.03872435887551903,0.9901234567901235,116
0.029805529527454952,0.9920550847457628,0.037483393505110645,0.9901234567901235,117
0.02876102947599158,0.9925847457627118,0.03650409367472486,0.9901234567901235,118
0.027706704008979014,0.9925847457627118,0.03483062327580353,0.9901234567901235,119
0.02669659034739398,0.9925847457627118,0.033597473162551655,0.9901234567901235,120
0.025679184459554333,0.993114406779661,0.03231821450868202,0.9901234567901235,121
0.0246803189086858,0.993114406779661,0.030855362464482075,0.991358024691358,122
0.023686095979413086,0.9936440677966102,0.02971378382462004,0.991358024691358,123
0.022720962395951727,0.9936440677966102,0.02869606637122,0.991358024691358,124
0.02175436638387155,0.9947033898305084,0.027426390708641002,0.9925925925925926,125
0.0208159101730108,0.9947033898305084,0.02601222400049914,0.9925925925925926,126
0.019916632262697544,0.9947033898305084,0.024911005131905445,0.9925925925925926,127
0.019008773023650498,0.9947033898305084,0.023771753680479128,0.9925925925925926,128
0.018129429905888696,0.9947033898305084,0.0229015154839357,0.9925925925925926,129
0.017274820722408456,0.9947033898305084,0.021774757224335976,0.9938271604938271,130
0.016433596933924398,0.9952330508474576,0.020643680114637714,0.9938271604938271,131
0.015603889091018295,0.9957627118644068,0.019656274969533757,0.9950617283950617,132
0.014798332584586344,0.996822033898305,0.020864172573269838,0.9950617283950617,133
0.014006645077026437,0.9973516949152542,0.017726420849683955,0.9950617283950617,134
0.013236196712360822,0.9973516949152542,0.016761787392669265,0.9950617283950617,135
0.012492992125386328,0.9973516949152542,0.015930123732455375,0.9962962962962963,136
0.0117806915534479,0.9973516949152542,0.015056330838192748,0.9962962962962963,137
0.01108362464506981,0.9978813559322034,0.01414079052554763,0.9962962962962963,138
0.01041552668588939,0.9978813559322034,0.013358256735670032,0.9962962962962963,139
0.009775952701186155,0.9978813559322034,0.012545753194204094,0.9962962962962963,140
0.009160606925414698,0.9978813559322034,0.011729633816952734,0.9962962962962963,141
0.00857946638829378,0.9978813559322034,0.010996808366697081,0.9987654320987654,142
0.00802314266346742,0.9978813559322034,0.010279094033096186,0.9987654320987654,143
0.007499898033169132,0.9978813559322034,0.009600352599769466,0.9987654320987654,144
0.00700775952866749,0.9978813559322034,0.008981516474330634,0.9987654320987654,145
0.006545984918225027,0.9984110169491526,0.008384587476627405,0.9987654320987654,146
0.006101381582500496,0.9984110169491526,0.007808796025377281,0.9987654320987654,147
0.005688122245424061,0.9984110169491526,0.00729300954098482,0.9987654320987654,148
0.005302856753757115,0.9984110169491526,0.0068209596277697794,0.9987654320987654,149
0.004941869929148275,0.9984110169491526,0.0063923364583637985,0.9987654320987654,150
0.004603386680728517,0.9989406779661016,0.005948823272859169,0.9987654320987654,151
0.004282960360473287,0.9989406779661016,0.005528872621639761,0.9987654320987654,152
0.003981559832083295,0.9989406779661016,0.0051783018470368735,0.9987654320987654,153
0.003703012317308063,0.9989406779661016,0.004800416888296949,0.9987654320987654,154
0.00344493329597661,0.9989406779661016,0.00450733031900253,0.9987654320987654,155
0.003202110190301737,0.9989406779661016,0.004166605942266281,0.9987654320987654,156
0.002977708359259264,0.9989406779661016,0.0038747051735165718,0.9987654320987654,157
0.00276552955753055,0.9989406779661016,0.003621379029210384,0.9987654320987654,158
0.0025750669679737103,0.9994703389830508,0.003368756513258733,0.9987654320987654,159
0.0023903124344236072,0.9994703389830508,0.0031425492043973802,0.9987654320987654,160
0.0022249714230591793,0.9994703389830508,0.002935421876723391,0.9987654320987654,161
0.002067357717874267,0.9994703389830508,0.002748878872023174,0.9987654320987654,162
0.001922259783920479,0.9994703389830508,0.0025701555694503638,0.9987654320987654,163
0.0017866502744023603,0.9994703389830508,0.0023989379162075277,0.9987654320987654,164
0.001664341887403699,0.9994703389830508,0.0022368548594412833,0.9987654320987654,165
0.0015481304939774388,0.9994703389830508,0.0020934273318389653,0.9987654320987654,166
0.001441002607750354,1.0,0.001965767106680999,0.9987654320987654,167
0.0013383843386720984,1.0,0.0018248023005182346,0.9987654320987654,168
0.0012449158989967922,1.0,0.0017108754894923318,0.9987654320987654,169
0.0011578310018331606,1.0,0.0015998757295592975,0.9987654320987654,170
0.0010785800156171163,1.0,0.0014992245449657366,0.9987654320987654,171
0.0010036479051915546,1.0,0.0013995530272580378,1.0,172
0.0009382646548392942,1.0,0.0013118957794729651,1.0,173
0.0008720679233021267,1.0,0.001229812305204106,1.0,174
0.0008113300472544198,1.0,0.0011534190981168934,1.0,175
0.0007570230648453388,1.0,0.001080594690788888,1.0,176
0.0007059349417601852,1.0,0.0010193152662043526,1.0,177
0.0006577956012679005,1.0,0.0009509680503180218,1.0,178
0.0006129127358482206,1.0,0.0008915046444456618,1.0,179
0.0005713791301312344,1.0,0.0008365695000063669,1.0,180
0.0005318691363920458,1.0,0.000790218427383974,1.0,181
0.0004959110628405243,1.0,0.0007366890382826968,1.0,182
0.00046291426503676633,1.0,0.0006943915064442428,1.0,183
0.0004309267600006077,1.0,0.0006494946952620787,1.0,184
0.0004018365880771614,1.0,0.0006101903310030709,1.0,185
0.0003751663328855884,1.0,0.0005714585952422332,1.0,186
0.0003497627460245935,1.0,0.0005373111993327791,1.0,187
0.0003253024025368297,1.0,0.0005043949785666499,1.0,188
0.00030359646023018464,1.0,0.00047417502205702,1.0,189
0.00028319300150751714,1.0,0.0004460790417611219,1.0,190
0.0002642345927943849,1.0,0.00041864243435942597,1.0,191
0.0002472061794706632,1.0,0.0003938467600396418,1.0,192
0.00023012906693914144,1.0,0.0003776174763375185,1.0,193
0.00021464425189175997,1.0,0.00034759753443455233,1.0,194
0.00020045662127844628,1.0,0.000327786897795265,1.0,195
0.00018717476731587836,1.0,0.00030719674037898667,1.0,196
0.00017480302426390747,1.0,0.0002891874073790021,1.0,197
0.00016296140693614024,1.0,0.00027181597077396546,1.0,198
0.0001524499057896908,1.0,0.00025502258339520924,1.0,199
0.00014255262657539338,1.0,0.00024009883675713648,1.0,200
0.00013310222178553608,1.0,0.00022588690544973346,1.0,201
0.0001249776059878811,1.0,0.00021266500209563924,1.0,202
0.00011656624847860084,1.0,0.00020258099150538555,1.0,203
0.00010914742275943257,1.0,0.00023794211733061006,1.0,204
0.0001021360365405722,1.0,0.00017765168388798853,1.0,205
9.571764043536845e-05,1.0,0.0001668865915769792,1.0,206
8.985836686899385e-05,1.0,0.00015687096365853817,1.0,207
8.390624084282297e-05,1.0,0.00014795300692034796,1.0,208
7.876814445808604e-05,1.0,0.00013978937699571045,1.0,209
7.345755228147661e-05,1.0,0.0001312749561714768,1.0,210
6.887138721777057e-05,1.0,0.00012389692813783045,1.0,211
6.461940382450607e-05,1.0,0.0001163317964895606,1.0,212
6.067268412201124e-05,1.0,0.00011018210351656031,1.0,213
5.684352803204127e-05,1.0,0.00010360431650686109,1.0,214
5.3168873031524525e-05,1.0,9.691567381823349e-05,1.0,215
4.986769320462934e-05,1.0,9.16970878052985e-05,1.0,216
4.6791442671055065e-05,1.0,8.61706861838666e-05,1.0,217
4.393320247625493e-05,1.0,8.094309804381815e-05,1.0,218
4.1161229348643194e-05,1.0,7.610260089589677e-05,1.0,219
3.860163791080297e-05,1.0,7.190205526601894e-05,1.0,220
3.615442963991226e-05,1.0,6.800592363647946e-05,1.0,221
3.4071028570169694e-05,1.0,6.40427993571159e-05,1.0,222
3.19194331504372e-05,1.0,6.0146263517786595e-05,1.0,223
3.002477683026439e-05,1.0,5.7291815305039875e-05,1.0,224
2.8123117699056198e-05,1.0,5.3260534155789826e-05,1.0,225
2.6466936405253658e-05,1.0,4.998683820892353e-05,1.0,226
2.4794689053008923e-05,1.0,4.6903718663315233e-05,1.0,227
2.3182476987180574e-05,1.0,4.5090933869727e-05,1.0,228
2.177589617178627e-05,1.0,4.199254184946014e-05,1.0,229
2.0414006874345397e-05,1.0,3.917450484732646e-05,1.0,230
1.920392439702468e-05,1.0,3.7693341288486445e-05,1.0,231
1.813625999508389e-05,1.0,3.457674779648236e-05,1.0,232
1.68707711400043e-05,1.0,3.276781411480389e-05,1.0,233
1.5736039331174568e-05,1.0,3.0606584424568125e-05,1.0,234
1.4784781966979193e-05,1.0,2.8715213523026566e-05,1.0,235
1.3797630654635809e-05,1.0,2.711080132861252e-05,1.0,236
1.3060267568200884e-05,1.0,2.561429959342692e-05,1.0,237
1.2256189305233955e-05,1.0,2.4301034437676015e-05,1.0,238
1.1451311590810956e-05,1.0,2.248385624315388e-05,1.0,239
1.0758954569606576e-05,1.0,2.1421450142918265e-05,1.0,240
1.0181948612723091e-05,1.0,1.9858087593223573e-05,1.0,241
9.52834745639763e-06,1.0,1.890990027214274e-05,1.0,242
8.936509777365209e-06,1.0,1.7865608601406006e-05,1.0,243
8.540701741438412e-06,1.0,1.6576283352019035e-05,1.0,244
7.829890098641842e-06,1.0,1.5741588060587642e-05,1.0,245
7.456392519549667e-06,1.0,1.4972389555779598e-05,1.0,246
6.953363740420655e-06,1.0,1.3857349230484962e-05,1.0,247
6.52423024528351e-06,1.0,1.3071276520973451e-05,1.0,248
6.1161987960690445e-06,1.0,1.2338098866651603e-05,1.0,249
5.726687597993527e-06,1.0,1.144734048759612e-05,1.0,250
5.384694104180197e-06,1.0,1.0860356940463361e-05,1.0,251
5.060800805713877e-06,1.0,1.0157089936537538e-05,1.0,252
4.811840287381388e-06,1.0,9.737471223386966e-06,1.0,253
4.573074696816242e-06,1.0,9.007223639700314e-06,1.0,254
4.19099257663878e-06,1.0,8.464817462329548e-06,1.0,255
3.9716188535519494e-06,1.0,8.122296216266498e-06,1.0,256
3.789121752525475e-06,1.0,7.623058137095531e-06,1.0,257
3.5614794198828837e-06,1.0,7.110921414153297e-06,1.0,258
3.28617314279783e-06,1.0,6.7360696653133846e-06,1.0,259
3.117651090690999e-06,1.0,6.2285479959996195e-06,1.0,260
2.9532360273975866e-06,1.0,5.8803921706483985e-06,1.0,261
2.7861568239820333e-06,1.0,5.518030569222914e-06,1.0,262
2.565705876054565e-06,1.0,5.248708597860308e-06,1.0,263
2.4427577188931423e-06,1.0,4.918181910080134e-06,1.0,264
2.333190557513703e-06,1.0,4.658654635991361e-06,1.0,265
2.1407870169344893e-06,1.0,4.336932383050605e-06,1.0,266
2.023313085949947e-06,1.0,4.065436010980988e-06,1.0,267
1.888771742423117e-06,1.0,3.866544744624654e-06,1.0,268
1.7817929742092645e-06,1.0,3.7437919440750844e-06,1.0,269
1.6961909395640136e-06,1.0,3.3984538994425865e-06,1.0,270
1.616876432546311e-06,1.0,3.225429111108521e-06,1.0,271
1.530302673224818e-06,1.0,3.148305469318344e-06,1.0,272
1.4761940796055137e-06,1.0,2.846907793019925e-06,1.0,273
1.3513686142351342e-06,1.0,2.639902426217173e-06,1.0,274
1.226641987690297e-06,1.0,2.4805252529690806e-06,1.0,275
1.1554142077148905e-06,1.0,2.3470368239671164e-06,1.0,276
1.1285095840564066e-06,1.0,2.281535830292665e-06,1.0,277
1.03124161521339e-06,1.0,2.0851285246209385e-06,1.0,278
9.868236437345668e-07,1.0,1.9470278676744997e-06,1.0,279
9.166785701211671e-07,1.0,1.8404662241893863e-06,1.0,280
9.187172427746471e-07,1.0,2.055217158541411e-06,1.0,281
8.540618394339885e-07,1.0,1.6289951389780079e-06,1.0,282
7.562013042554594e-07,1.0,1.5292948960061486e-06,1.0,283
7.471437446815655e-07,1.0,1.7600929000285164e-06,1.0,284
7.372203892836305e-07,1.0,1.3846303768636972e-06,1.0,285
6.654535796154625e-07,1.0,1.3758830283449716e-06,1.0,286
6.693245262595485e-07,1.0,1.3270296058186547e-06,1.0,287
7.083148954479173e-07,1.0,1.3432435160505166e-06,1.0,288
5.690243028737369e-07,1.0,1.045095543535129e-06,1.0,289
5.182524837819624e-07,1.0,9.88018335673635e-07,1.0,290
4.972360458504362e-07,1.0,9.271499661460866e-07,1.0,291
5.223664051815946e-07,1.0,8.784214410551648e-07,1.0,292
5.443471948249534e-07,1.0,8.195590917050642e-07,1.0,293
4.1341311884858395e-07,1.0,9.92948133142028e-07,1.0,294
4.0324618894239303e-07,1.0,9.609909517865998e-07,1.0,295
3.7882455706672403e-07,1.0,6.824946847789218e-07,1.0,296
3.46623621475608e-07,1.0,6.610255015010773e-07,1.0,297
3.409655395413674e-07,1.0,6.456489176430299e-07,1.0,298
3.479210305583182e-07,1.0,6.008538538616364e-07,1.0,299
3.8709952601954475e-07,1.0,5.777812887466327e-07,1.0,300
2.6928697987002216e-07,1.0,5.047905835172521e-07,1.0,301
2.49035859946145e-07,1.0,7.34453753568544e-07,1.0,302
2.363787567176423e-07,1.0,4.4516396542626513e-07,1.0,303
2.3631201624450134e-07,1.0,4.1936728353311255e-07,1.0,304
2.2128163048175503e-07,1.0,4.059853090028514e-07,1.0,305
2.4393893228284795e-07,1.0,5.21394578876712e-07,1.0,306
2.652723957115652e-07,1.0,3.988742489031563e-07,1.0,307
2.7662148163719385e-07,1.0,7.698334304321036e-07,1.0,308
2.578005825093958e-07,1.0,4.5173662905775684e-07,1.0,309
2.0700142567608756e-07,1.0,4.7406107403012793e-07,1.0,310
2.3853845031503575e-07,1.0,4.066258112630135e-07,1.0,311
2.524751592966988e-07,1.0,5.890817290001152e-07,1.0,312
3.1966584895087196e-07,1.0,5.267716093936303e-07,1.0,313
3.5765462208208836e-07,1.0,7.94473811217969e-07,1.0,314
2.851615390242103e-07,1.0,2.2011404473238556e-07,1.0,315
2.5834235221147176e-07,1.0,3.12067027570991e-07,1.0,316
2.577180851012443e-07,1.0,1.8055746767518674e-07,1.0,317
2.4393557565760656e-07,1.0,2.276425705280797e-07,1.0,318
2.1256822943774902e-07,1.0,1.7660956871972677e-07,1.0,319
2.770722041047817e-07,1.0,6.950049405353567e-07,1.0,320
1.1985899787305772e-07,1.0,1.323751664996283e-07,1.0,321
7.819891692458818e-08,1.0,1.249220642353252e-07,1.0,322
8.361757418929644e-08,1.0,1.2413551712724316e-07,1.0,323
1.1760607506006207e-07,1.0,1.2650849309737679e-07,1.0,324
8.139445091866605e-08,1.0,1.075082547071194e-07,1.0,325
7.406526262279103e-08,1.0,1.1974980742769784e-07,1.0,326
5.4563422422044085e-08,1.0,9.718864733219734e-08,1.0,327
4.8645484499557876e-08,1.0,8.921864987988614e-08,1.0,328
4.8251419308121745e-08,1.0,8.425390790981631e-08,1.0,329
4.407145029107895e-08,1.0,8.277904283184715e-08,1.0,330
4.187308268283439e-08,1.0,7.556665897448903e-08,1.0,331
4.015464734295172e-08,1.0,7.215232013791035e-08,1.0,332
3.7493710958786456e-08,1.0,6.885746080993057e-08,1.0,333
3.6765486659597786e-08,1.0,6.415387070102633e-08,1.0,334
3.4830217918580836e-08,1.0,6.832121517985406e-08,1.0,335
3.482440944335226e-08,1.0,5.6927847327885064e-08,1.0,336
3.163276425398344e-08,1.0,5.569437592273622e-08,1.0,337
3.2765387756826456e-08,1.0,5.141510446832307e-08,1.0,338
2.9114088420644675e-08,1.0,4.841715396255834e-08,1.0,339
2.857316046526227e-08,1.0,5.7187058588456466e-08,1.0,340
2.605960606371558e-08,1.0,4.496166445718666e-08,1.0,341
3.337671725129765e-08,1.0,4.112469902457919e-08,1.0,342
2.5241600082820298e-08,1.0,7.669239610259647e-08,1.0,343
2.5917743054940147e-08,1.0,3.710370879588929e-08,1.0,344
2.3683745339280033e-08,1.0,3.595510183165078e-08,1.0,345
2.2271677298982463e-08,1.0,3.372743488361687e-08,1.0,346
3.007923507274441e-08,1.0,1.671710971584912e-07,1.0,347
1.4967930320398312e-07,1.0,3.2006767828767885e-08,1.0,348
2.1435024368460137e-08,1.0,3.014732629685117e-08,1.0,349
2.3019185514472256e-08,1.0,2.8773375187920403e-08,1.0,350
4.5395512985398606e-08,1.0,3.579867157585131e-08,1.0,351
3.361401300728859e-08,1.0,4.83049258414265e-08,1.0,352
2.6116822660965472e-08,1.0,4.074006706662339e-08,1.0,353
3.618875090457566e-08,1.0,2.4488670537470935e-08,1.0,354
2.1347670956997303e-08,1.0,2.3527577335647464e-08,1.0,355
2.118840303661152e-08,1.0,2.3766249125971715e-08,1.0,356
2.2583373591905278e-08,1.0,2.059248721786964e-08,1.0,357
2.2952853747356992e-08,1.0,2.0236420237230908e-08,1.0,358
2.1613573742898188e-08,1.0,1.884206664277122e-08,1.0,359
2.106386598953486e-08,1.0,1.954266637173759e-08,1.0,360
1.4700052203364065e-08,1.0,1.7893552799186363e-08,1.0,361
1.7591012478500994e-08,1.0,1.7146744095936847e-08,1.0,362
1.4907142346597052e-08,1.0,1.6450501077496586e-08,1.0,363
1.6693117866760907e-08,1.0,1.581503922061441e-08,1.0,364
1.7019545709203286e-08,1.0,1.5405338029068715e-08,1.0,365
1.9634566299043924e-08,1.0,1.463335191562165e-08,1.0,366
1.9297782263856135e-08,1.0,1.4027834628235051e-08,1.0,367
1.727250309917193e-08,1.0,1.5127540949066987e-08,1.0,368
2.004448652627891e-08,1.0,1.3270209624651926e-08,1.0,369
1.7977370580585993e-08,1.0,1.2653498206335389e-08,1.0,370
1.9753589518084715e-08,1.0,1.953424633854839e-08,1.0,371
2.1619245564050054e-08,1.0,1.1784206221807038e-08,1.0,372
1.7388655892946365e-08,1.0,1.1564170083804194e-08,1.0,373
3.21808039749914e-08,1.0,1.4701703258276638e-07,1.0,374
2.771447414744307e-08,1.0,1.3080109156741116e-08,1.0,375
1.4442420634066758e-08,1.0,1.2020745179005488e-08,1.0,376
1.1480652102455286e-08,1.0,1.0081031289564097e-08,1.0,377
2.4241524312565762e-08,1.0,9.309843531507545e-09,1.0,378
8.096832769874055e-09,1.0,9.600107613068914e-09,1.0,379
1.6754366653347224e-08,1.0,8.450355258130907e-09,1.0,380
1.1656903502729508e-08,1.0,8.929968771115183e-09,1.0,381
1.300808205283754e-08,1.0,8.682915491592718e-09,1.0,382
1.6262915361461944e-08,1.0,1.531772723759856e-07,1.0,383
2.088339099356429e-08,1.0,7.529763647699125e-09,1.0,384
1.712836282765489e-08,1.0,1.0249056021491669e-08,1.0,385
5.6288496335915784e-08,1.0,1.7329919737530713e-08,1.0,386
5.966622178771214e-08,1.0,9.489319348708477e-08,1.0,387
4.4574613649544456e-08,1.0,1.5609953352146988e-07,1.0,388
5.7382133873643463e-08,1.0,2.356732548025162e-07,1.0,389
4.291672921949289e-08,1.0,5.232154450192182e-08,1.0,390
3.569639601254957e-08,1.0,6.454105360720113e-09,1.0,391
6.6458189676773756e-09,1.0,6.5759404457691396e-09,1.0,392
7.958193996713467e-09,1.0,2.3592507949705556e-08,1.0,393
9.03408666501372e-09,1.0,6.261003337105971e-09,1.0,394
1.0410083119709335e-08,1.0,9.274382582039325e-09,1.0,395
6.473772139769038e-09,1.0,5.700529613437623e-09,1.0,396
8.717466401931565e-09,1.0,2.826725385163047e-08,1.0,397
1.1254922220193898e-08,1.0,5.438294565899217e-09,1.0,398
6.069123220876795e-09,1.0,5.692245037253512e-09,1.0,399
9.07262335547791e-09,1.0,7.859851870930044e-09,1.0,400
1.2977788401040248e-08,1.0,8.81937426840091e-09,1.0,401
2.3204468652498233e-08,1.0,2.8684514319025774e-08,1.0,402
7.345804866753222e-09,1.0,4.916979207710793e-09,1.0,403
5.386204953360425e-09,1.0,5.696766582564879e-09,1.0,404
6.454430162802406e-09,1.0,5.171403263472072e-09,1.0,405
5.640920102962535e-09,1.0,5.0108048199549704e-09,1.0,406
7.469234685261398e-09,1.0,4.6184555229084155e-09,1.0,407
5.800365306236546e-09,1.0,5.19087761840302e-09,1.0,408
7.792248742676989e-09,1.0,4.824806620201683e-09,1.0,409
9.270368510062642e-09,1.0,4.27079849794e-09,1.0,410
6.111504632169178e-09,1.0,5.289980034355237e-09,1.0,411
9.490087063207108e-09,1.0,5.500276094945167e-09,1.0,412
7.087915692989672e-09,1.0,4.025150242254461e-09,1.0,413
4.887184492431249e-09,1.0,3.970260270465509e-09,1.0,414
5.182742803572179e-09,1.0,3.904914394356092e-09,1.0,415
6.678305928039097e-09,1.0,3.983263690973627e-09,1.0,416
9.061534891761947e-09,1.0,3.7679267112446155e-09,1.0,417
5.088314730807644e-09,1.0,8.099904153856334e-09,1.0,418
5.480086356394526e-09,1.0,3.6556993245470846e-09,1.0,419
5.43208399445159e-09,1.0,4.189667628216087e-09,1.0,420
6.219814358969722e-09,1.0,4.2789732368758825e-09,1.0,421
4.937290090391735e-09,1.0,3.4953368003614385e-09,1.0,422
5.150671495392388e-09,1.0,3.594563051487797e-09,1.0,423
5.961752217868921e-09,1.0,2.1945087577881015e-08,1.0,424
7.184967401232101e-09,1.0,3.330033769294196e-09,1.0,425
6.632869993392829e-09,1.0,3.868752429933728e-09,1.0,426
5.776522675153809e-09,1.0,3.5480076487767687e-09,1.0,427
6.596579518824363e-09,1.0,3.4266227269868075e-09,1.0,428
1.0680234201328492e-08,1.0,3.3336563230081676e-09,1.0,429
8.692795566259409e-09,1.0,3.0966625049194783e-09,1.0,430
4.168117193730018e-09,1.0,3.064482575922912e-09,1.0,431
7.320266211611296e-09,1.0,1.1936940713187604e-08,1.0,432
9.559882274366645e-09,1.0,2.977852853940388e-09,1.0,433
8.094807072526434e-09,1.0,2.9272464078234026e-09,1.0,434
4.058864798875453e-09,1.0,2.891676087713555e-09,1.0,435
4.025684228002191e-09,1.0,2.857600370792197e-09,1.0,436
4.244290992137165e-09,1.0,2.969815905518798e-09,1.0,437
4.275009566890271e-09,1.0,3.8240459619671145e-09,1.0,438
4.590569094168855e-09,1.0,2.7648681584964882e-09,1.0,439
3.833294259874167e-09,1.0,2.7377428509136125e-09,1.0,440
4.8481910019972684e-09,1.0,4.9110180480403314e-09,1.0,441
1.1159107508361905e-08,1.0,2.8775090889167055e-09,1.0,442
3.4226476213881142e-09,1.0,2.6639330746080178e-09,1.0,443
4.627540711350209e-09,1.0,2.6383851251630383e-09,1.0,444
4.474982335754481e-09,1.0,2.611762069755197e-09,1.0,445
4.45674828065768e-09,1.0,2.586577416236784e-09,1.0,446
4.876138858302855e-09,1.0,2.8503670529531666e-09,1.0,447
1.3317900193789075e-08,1.0,1.927531845834953e-07,1.0,448
2.6485865248797336e-08,1.0,3.259759280383674e-09,1.0,449
1.1734479771643379e-08,1.0,4.4255400685320014e-09,1.0,450
9.421616577452271e-09,1.0,5.43615709133368e-09,1.0,451
8.93755036722572e-09,1.0,8.345449944256162e-09,1.0,452
7.755582207314671e-09,1.0,2.930967576825423e-09,1.0,453
9.193302617523878e-09,1.0,4.233760979735109e-09,1.0,454
3.433925911924771e-09,1.0,2.752047885739148e-09,1.0,455
5.500297438937271e-09,1.0,2.8858119413990477e-09,1.0,456
6.559904005503602e-09,1.0,3.0123635240653744e-09,1.0,457
1.4693154662592235e-08,1.0,1.9939106777159417e-08,1.0,458
1.5502092496712602e-08,1.0,7.952004839328897e-09,1.0,459
4.2497153676280835e-09,1.0,2.677607483299452e-09,1.0,460
1.0045403109972854e-08,1.0,3.1009845094792764e-09,1.0,461
1.230261135397103e-08,1.0,3.970834314613782e-09,1.0,462
7.1817868016748316e-09,1.0,4.102925209412733e-09,1.0,463
7.295945038240371e-09,1.0,2.791780934357839e-09,1.0,464
2.98748620895183e-09,1.0,2.905461528027339e-09,1.0,465
3.977183115771481e-09,1.0,2.9066367378750766e-09,1.0,466
4.907253438171431e-09,1.0,3.1628577130034716e-09,1.0,467
3.880764285695122e-09,1.0,3.5844050139503134e-09,1.0,468
4.3694226001021055e-09,1.0,2.255784930377258e-09,1.0,469
2.9663871883808955e-09,1.0,9.924150076287933e-08,1.0,470
6.674816065361771e-09,1.0,3.1025276287336576e-09,1.0,471
9.124242636332114e-09,1.0,3.0954768022396473e-09,1.0,472
3.613295223995207e-09,1.0,3.2196810219293204e-09,1.0,473
7.256413472454697e-09,1.0,7.14823539623721e-09,1.0,474
7.502600527101072e-09,1.0,4.363204114867312e-09,1.0,475
2.7501834333994005e-08,1.0,2.306871372439195e-09,1.0,476
1.0444023086071651e-08,1.0,2.304665713308911e-09,1.0,477
1.3780896774864543e-08,1.0,3.752989639240494e-09,1.0,478
9.352521168855618e-09,1.0,4.766627884747738e-09,1.0,479
2.607512705439942e-08,1.0,2.5680528620014466e-09,1.0,480
6.681508725088562e-09,1.0,3.876911302884613e-09,1.0,481
1.2105072314937009e-08,1.0,2.1110209532915637e-09,1.0,482
1.929612862035575e-08,1.0,5.361333713039796e-09,1.0,483
8.235806041941559e-09,1.0,3.4172978695156576e-09,1.0,484
8.608313997096794e-09,1.0,2.0920017096632914e-09,1.0,485
1.0430217291875473e-08,1.0,3.3971523805485658e-09,1.0,486
3.170175942605315e-08,1.0,6.752025734004099e-09,1.0,487
2.500269784268343e-08,1.0,2.213096135850462e-09,1.0,488
3.898281976897518e-09,1.0,4.1004162507537094e-09,1.0,489
4.6447766582772146e-09,1.0,2.7786731477152503e-09,1.0,490
3.561784195707518e-09,1.0,2.1798527903761987e-09,1.0,491
3.6123837965027596e-09,1.0,2.0279678555658784e-09,1.0,492
3.348430226064289e-09,1.0,3.03819202234479e-09,1.0,493
6.8117062321426106e-09,1.0,2.0050495334714636e-09,1.0,494
6.359674066912494e-09,1.0,8.134945259086201e-09,1.0,495
9.329667054494867e-09,1.0,2.4311396111123375e-09,1.0,496
6.860521045342359e-09,1.0,1.990079457332787e-09,1.0,497
1.1023033083858228e-08,1.0,1.9904161231451176e-09,1.0,498
4.01032732675248e-09,1.0,2.2770802222619877e-09,1.0,499
3.367373393632045e-09,1.0,1.9723358770009157e-09,1.0,500
4.176383745985592e-09,1.0,2.398710685418328e-09,1.0,501
2.5319997268176924e-08,1.0,1.9550775427716035e-09,1.0,502
8.770073755389143e-09,1.0,2.3758765920059487e-09,1.0,503
2.88489512140222e-09,1.0,2.0719250630272724e-09,1.0,504
2.5553187902807914e-09,1.0,1.9139133816055446e-09,1.0,505
2.9210587880080155e-09,1.0,1.9023390742569383e-09,1.0,506
2.9702921571256783e-09,1.0,1.93235625601186e-09,1.0,507
6.998211855822959e-09,1.0,1.9264695009714587e-08,1.0,508
2.3829101342202684e-09,1.0,2.5998753394568797e-09,1.0,509
2.5570652043081906e-09,1.0,5.8010363006969205e-09,1.0,510
4.25045024569691e-09,1.0,1.8479299995507632e-09,1.0,511
3.164574085050511e-09,1.0,1.8342890368041446e-09,1.0,512
4.419027159909771e-09,1.0,2.562512584342145e-09,1.0,513
5.994492212670795e-09,1.0,4.8428355746067824e-08,1.0,514
4.6020401256558306e-09,1.0,1.8181518955825492e-09,1.0,515
2.442632155275259e-09,1.0,1.9580075793975105e-09,1.0,516
4.134764538758373e-09,1.0,2.090863357723347e-09,1.0,517
9.999171320948424e-09,1.0,1.799885378505029e-09,1.0,518
3.4340269923505797e-09,1.0,1.7906876068757294e-09,1.0,519
3.868986823862125e-09,1.0,2.953450065293024e-09,1.0,520
2.595143613628062e-09,1.0,1.7772274762621472e-09,1.0,521
3.2797153661969347e-09,1.0,4.101001002023446e-09,1.0,522
2.8297939562461835e-09,1.0,3.214634577866039e-09,1.0,523
4.589730838562214e-09,1.0,3.064373295588947e-09,1.0,524
3.6334323012057227e-09,1.0,1.889702263541453e-09,1.0,525
2.4257769644064097e-09,1.0,1.7316591011063953e-09,1.0,526
2.7301366784065746e-09,1.0,5.082386736445363e-09,1.0,527
4.869559682921572e-09,1.0,3.178529669111054e-09,1.0,528
1.285948810316477e-07,1.0,1.6638840463386443e-09,1.0,529
2.225107448650615e-09,1.0,1.6496198069030506e-09,1.0,530
2.2773588314556386e-09,1.0,1.6458810533833102e-09,1.0,531
2.3940761923378277e-09,1.0,1.7810138485195444e-09,1.0,532
2.636543564009786e-09,1.0,1.6282137303049465e-09,1.0,533
2.1213884544522763e-09,1.0,1.6207161046228748e-09,1.0,534
4.951547707195019e-09,1.0,1.7587430266906807e-09,1.0,535
3.3050394535832304e-09,1.0,3.9453392739627065e-09,1.0,536
6.268112986528865e-09,1.0,1.6037147629757338e-09,1.0,537
2.2799775379519906e-09,1.0,1.7437452409295533e-09,1.0,538
2.5860656590941417e-09,1.0,1.7348894349309026e-09,1.0,539
1.0414008601368108e-08,1.0,2.1765890020693155e-09,1.0,540
1.6599468449061702e-08,1.0,1.5971008852976331e-09,1.0,541
2.399040175114328e-09,1.0,1.5908662122869267e-09,1.0,542
2.072677522389389e-09,1.0,1.5819647960202627e-09,1.0,543
2.2512367146272614e-09,1.0,1.5765144583649348e-09,1.0,544
2.684313715309588e-09,1.0,1.8608973386609356e-09,1.0,545
2.486261864995544e-09,1.0,1.5731586742026733e-09,1.0,546
5.509675605333388e-09,1.0,1.556163134729361e-09,1.0,547
1.0496518673897757e-08,1.0,1.5546172149169917e-09,1.0,548
1.9661999494854263e-09,1.0,1.5459673272617198e-09,1.0,549
1.9534257354924525e-09,1.0,1.684741499290236e-09,1.0,550
2.3843390322394783e-09,1.0,1.6733009689860827e-09,1.0,551
2.121779723419831e-09,1.0,1.5183899307406634e-09,1.0,552
2.300757207353711e-09,1.0,1.8063524674540821e-09,1.0,553
2.9269236147584386e-09,1.0,1.6583099625583136e-09,1.0,554
2.286823967478171e-09,1.0,1.6463551216420876e-09,1.0,555
3.983640088101766e-09,1.0,1.4976110849126052e-09,1.0,556
4.673162581303176e-09,1.0,3.830686522209325e-09,1.0,557
1.117041783344895e-08,1.0,1.4914823225185047e-09,1.0,558
2.1357172535458475e-09,1.0,1.6320218722875274e-09,1.0,559
2.4412955865017575e-09,1.0,1.7697166836207228e-09,1.0,560
1.927241879429235e-09,1.0,1.4677848683207566e-09,1.0,561
2.10667723633288e-09,1.0,1.4646289548816808e-09,1.0,562
2.2883938477385637e-09,1.0,4.118011095248481e-09,1.0,563
5.945575756774316e-09,1.0,1.6112301048784528e-09,1.0,564
1.9568348234908127e-09,1.0,3.1973564387069716e-09,1.0,565
3.0863578369241243e-09,1.0,1.4411156106279986e-09,1.0,566
1.9408158612189243e-09,1.0,1.4309393123027526e-09,1.0,567
4.458770332630928e-09,1.0,1.4231188636635894e-09,1.0,568
1.7995210485192534e-09,1.0,1.416563257966139e-09,1.0,569
2.104252283762449e-09,1.0,1.5557591894357521e-09,1.0,570
5.5061328634478706e-09,1.0,1.8414761670864e-09,1.0,571
1.8366491963712122e-09,1.0,1.3984136939385322e-09,1.0,572
1.7623542568351631e-09,1.0,1.386512429038479e-09,1.0,573
4.657572777035149e-09,1.0,6.492909955878176e-09,1.0,574
2.632354392577724e-09,1.0,1.3738433479764678e-09,1.0,575
4.895325940751842e-09,1.0,1.368567490202935e-09,1.0,576
1.7921821004641699e-09,1.0,1.3614067013905346e-09,1.0,577
4.120553201143198e-09,1.0,1.3510563384286738e-09,1.0,578
1.7115135075869025e-09,1.0,1.3429532513615978e-09,1.0,579
2.0170298293533146e-09,1.0,4.842872612361182e-09,1.0,580
1.2301195569711546e-08,1.0,1.336200241581688e-09,1.0,581
1.8645330634321047e-09,1.0,1.3291371090613818e-09,1.0,582
1.6666027369954158e-09,1.0,1.3210060367208936e-09,1.0,583
1.6575048372284126e-09,1.0,1.3173648800364507e-09,1.0,584
1.6482806021667827e-09,1.0,1.3104313870410221e-09,1.0,585
1.6389975456163947e-09,1.0,1.3024540517454148e-09,1.0,586
1.629895991874905e-09,1.0,1.2961675443468917e-09,1.0,587
1.6207684394210516e-09,1.0,1.2895513207444103e-09,1.0,588
1.6114198751989896e-09,1.0,1.4290546011996102e-09,1.0,589
3.1177122324194493e-09,1.0,1.278967366654083e-09,1.0,590
1.9714894195450036e-09,1.0,1.561571891267055e-09,1.0,591
1.7731333467174891e-09,1.0,1.262505860136155e-09,1.0,592
1.7108260705548746e-08,1.0,1.4056675021611899e-09,1.0,593
1.8103656666547184e-09,1.0,3.591641916238258e-09,1.0,594
4.6461605261239194e-09,1.0,1.2548295448405961e-09,1.0,595
1.545403440016253e-09,1.0,1.2461029457063798e-09,1.0,596
1.537631174016908e-09,1.0,1.2401989768756726e-09,1.0,597
1.5298187072417098e-09,1.0,1.2361201007499266e-09,1.0,598
1.52195938958411e-09,1.0,1.2299629872598452e-09,1.0,599
1.5140819530926288e-09,1.0,1.226707050651556e-09,1.0,600
1.6326728928915938e-09,1.0,2.243284730666144e-09,1.0,601
2.8313074324725902e-09,1.0,1.2190663926310602e-09,1.0,602
1.498085419575098e-09,1.0,1.2098425864078898e-09,1.0,603
1.490231101669876e-09,1.0,1.9356413345119353e-09,1.0,604
2.999459856102113e-09,1.0,1.2004956756352892e-09,1.0,605
1.4768209377271862e-09,1.0,1.1963063983061135e-09,1.0,606
1.7222454376590378e-09,1.0,1.4864587838120281e-09,1.0,607
2.9164484112354562e-09,1.0,2.5068720555292544e-09,1.0,608
2.533013502235178e-09,1.0,1.7674126531861444e-09,1.0,609
1.7674539653907962e-09,1.0,1.4718921677886138e-09,1.0,610
2.0133895442460627e-09,1.0,2.201605814730775e-09,1.0,611
2.3234830182437427e-09,1.0,1.1723084686074032e-09,1.0,612
1.4332416763235643e-09,1.0,1.1648548249002565e-09,1.0,613
1.994939419343617e-09,1.0,1.4540288494613524e-09,1.0,614
1.988355723346461e-09,1.0,2.176553920246248e-09,1.0,615
2.35825571795573e-09,1.0,1.1477685578585122e-09,1.0,616
1.971006495021893e-09,1.0,1.1448189509327035e-09,1.0,617
1.5194134331711398e-09,1.0,1.4317739068490033e-09,1.0,618
2.145263646044739e-09,1.0,8.731719713592212e-09,1.0,619
7.43548709426378e-09,1.0,1.1255063798846155e-09,1.0,620
1.3678268155455252e-09,1.0,1.1205742291660026e-09,1.0,621
1.488660859837247e-09,1.0,1.116604238945723e-09,1.0,622
1.483487119590408e-09,1.0,1.1136317523098054e-09,1.0,623
1.4150206251696716e-09,1.0,1.1077766361493733e-09,1.0,624
1.4730085013524697e-09,1.0,1.1055436614509807e-09,1.0,625
1.4051437990295256e-09,1.0,1.2453705209986227e-09,1.0,626
1.590151817586158e-09,1.0,1.7193420413568107e-09,1.0,627
2.0903639607290473e-09,1.0,1.0967988697954733e-09,1.0,628
1.3312425735390702e-09,1.0,1.0889725852744232e-09,1.0,629
1.3252874143860724e-09,1.0,1.0869052755455184e-09,1.0,630
1.3192648826307564e-09,1.0,1.2302632883020482e-09,1.0,631
1.4403071497505824e-09,1.0,1.0765313743248972e-09,1.0,632
1.4992910955531743e-09,1.0,1.6572776379036325e-09,1.0,633
4.275842924563982e-09,1.0,1.0749436703642186e-09,1.0,634
1.3053918522285697e-09,1.0,1.0738124759273505e-09,1.0,635
3.5109861602760864e-09,1.0,3.4062481595192653e-09,1.0,636
2.562575789249116e-09,1.0,1.0670614417253664e-09,1.0,637
1.2945594999111738e-09,1.0,1.060902863720501e-09,1.0,638
1.288905863336268e-09,1.0,1.0568358819473605e-09,1.0,639
1.4101913347034424e-09,1.0,1.0529863820142184e-09,1.0,640
4.815686955020938e-09,1.0,2.1067937567439693e-08,1.0,641
1.469805072334421e-09,1.0,1.049751862540063e-09,1.0,642
1.2747786657783035e-09,1.0,1.0475691765568562e-09,1.0,643
1.2693144582578787e-09,1.0,1.0429547188438603e-09,1.0,644
1.3904572933985411e-09,1.0,1.32983079259792e-09,1.0,645
1.8284324419404009e-09,1.0,1.3320557975004653e-09,1.0,646
1.3826828017930797e-09,1.0,1.0319589024540936e-09,1.0,647
1.2509806032699156e-09,1.0,1.0277766139176324e-09,1.0,648
1.2454766540285128e-09,1.0,1.0269749003405709e-09,1.0,649
1.3035938283107271e-09,1.0,1.1674830530432743e-09,1.0,650
1.3629271277366796e-09,1.0,1.0177108349270835e-09,1.0,651
1.2318707302903257e-09,1.0,1.0139752603731482e-09,1.0,652
1.2903334640322358e-09,1.0,1.74550211090585e-09,1.0,653
1.349309065403279e-09,1.0,1.019696661633045e-09,1.0,654
1.661542571299706e-09,1.0,2.003109508737467e-09,1.0,655
3.5534132709179065e-09,1.0,1.0057978180918209e-09,1.0,656
1.6593918316291898e-09,1.0,1.4416990537801776e-09,1.0,657
1.2835430719870905e-08,1.0,1.0043542444814985e-09,1.0,658
1.279990632347556e-09,1.0,9.985586344044061e-10,1.0,659
1.4018350768685107e-09,1.0,1.2861909456194626e-09,1.0,660
9.102084266736718e-09,1.0,1.013132513476915e-09,1.0,661
1.2714577829117009e-09,1.0,9.912382782095502e-10,1.0,662
1.5196217710055298e-09,1.0,1.426630392047836e-09,1.0,663
9.096427555379153e-09,1.0,1.2049208076771315e-07,1.0,664
2.0082614051647815e-08,1.0,9.903049425907916e-10,1.0,665
1.389882851906639e-09,1.0,9.872574731448802e-10,1.0,666
5.11301223078204e-09,1.0,9.832449509744166e-10,1.0,667
1.1944060806755896e-09,1.0,9.797663484580844e-10,1.0,668
1.1898338044138885e-09,1.0,9.762526749692101e-10,1.0,669
1.1852608785276476e-09,1.0,9.911120184362165e-10,1.0,670
1.1806983812109026e-09,1.0,9.692234327210285e-10,1.0,671
1.1760348839859796e-09,1.0,9.671574629809733e-10,1.0,672
1.171386547420978e-09,1.0,9.646241802674698e-10,1.0,673
1.16682469674446e-09,1.0,9.65970333406048e-10,1.0,674
1.162215681994448e-09,1.0,1.6895114228871346e-09,1.0,675
1.2846756227375421e-09,1.0,1.5388874078563508e-09,1.0,676
1.2172849099504251e-09,1.0,9.51548581487006e-10,1.0,677
1.2134290306604829e-09,1.0,9.467161346464443e-10,1.0,678
1.2095179507348118e-09,1.0,9.458243471175453e-10,1.0,679
1.2691377883738834e-09,1.0,9.426859715287266e-10,1.0,680
1.1389859383596602e-09,1.0,1.3745708472260353e-09,1.0,681
1.7665719986336364e-09,1.0,1.9576907656245822e-09,1.0,682
3.15253398775917e-09,1.0,1.0776211507761663e-09,1.0,683
1.3808099092534595e-09,1.0,1.0717062040370618e-09,1.0,684
5.290967261848492e-09,1.0,9.229515485549703e-10,1.0,685
1.1193420623358386e-09,1.0,1.0659624931448102e-09,1.0,686
1.3045914908183012e-09,1.0,1.0661087550961623e-09,1.0,687
1.1744868234008909e-09,1.0,9.199547885457086e-10,1.0,688
1.1703084371269066e-09,1.0,1.3470097613234121e-09,1.0,689
2.9360660810857474e-09,1.0,9.089367288172349e-10,1.0,690
1.1022765450955572e-09,1.0,9.080549754731479e-10,1.0,691
1.0981686807702587e-09,1.0,9.043558258944492e-10,1.0,692
1.1572137733555206e-09,1.0,9.001415488530058e-10,1.0,693
1.0910097662573923e-09,1.0,9.012262957626769e-10,1.0,694
1.1507890406699226e-09,1.0,8.961941495283837e-10,1.0,695
1.1478590976144464e-09,1.0,8.924283675202632e-10,1.0,696
1.2080521411371707e-09,1.0,1.036421721559373e-09,1.0,697
9.2890350049661e-09,1.0,2.4004828482269844e-07,1.0,698
7.307397111769497e-08,1.0,2.6760956525040946e-08,1.0,699
8.40596399738456e-08,1.0,1.7913043604534047e-07,1.0,700
6.309585280851102e-08,1.0,9.372284350464882e-09,1.0,701
5.558079384233613e-08,1.0,3.6739696164169024e-09,1.0,702
5.993576091009271e-08,1.0,1.3608026397981216e-08,1.0,703
6.656457351990742e-08,1.0,6.166092331648578e-09,1.0,704
3.638023975628997e-08,1.0,8.981238387458964e-10,1.0,705
1.0819245133301793e-09,1.0,8.937689121617868e-10,1.0,706
1.0792144838012398e-09,1.0,8.89327395936991e-10,1.0,707
1.076421575153243e-09,1.0,8.872182122283123e-10,1.0,708
1.0735999801475783e-09,1.0,1.2306886773969124e-09,1.0,709
1.0706901524162918e-09,1.0,8.815154535994276e-10,1.0,710
1.0677655277289718e-09,1.0,9.085486782846238e-10,1.0,711
1.0647989912404094e-09,1.0,9.059141189791599e-10,1.0,712
1.0616777154331486e-09,1.0,8.768579293693037e-10,1.0,713
1.0585835758317175e-09,1.0,8.735335918660447e-10,1.0,714
1.0554301212126994e-09,1.0,8.722236733593191e-10,1.0,715
1.0522209265177552e-09,1.0,8.696801079873762e-10,1.0,716
1.048972999328669e-09,1.0,8.705124148075182e-10,1.0,717
1.0456864765415845e-09,1.0,8.620073192145732e-10,1.0,718
1.1055124176618068e-09,1.0,8.656273971039887e-10,1.0,719
1.03991864782459e-09,1.0,8.59978650655181e-10,1.0,720
1.1002276107153453e-09,1.0,1.0011717782424313e-09,1.0,721
1.1607921688656296e-09,1.0,1.0007682102341715e-09,1.0,722
1.1580479846748936e-09,1.0,3.335593001392551e-09,1.0,723
2.673897258079511e-09,1.0,8.528657587484486e-10,1.0,724
1.0298016563345016e-09,1.0,8.492340717493901e-10,1.0,725
1.0894418560401257e-09,1.0,8.4676507418036e-10,1.0,726
1.3390359667797323e-09,1.0,1.6061102304466318e-09,1.0,727
1.4005444051000145e-09,1.0,1.5741101458451606e-09,1.0,728
7.146489303890614e-09,1.0,2.4659507771195866e-08,1.0,729
4.018108827903604e-08,1.0,1.4826504324979844e-07,1.0,730
5.8560586095043136e-08,1.0,8.571795679983476e-10,1.0,731
1.0371831536134985e-09,1.0,8.562829190259568e-10,1.0,732
1.0343206550484572e-09,1.0,8.504917973927945e-10,1.0,733
1.0314539597462961e-09,1.0,8.481913682441522e-10,1.0,734
1.0284480017255464e-09,1.0,8.458961714296837e-10,1.0,735
1.0254746588289102e-09,1.0,8.454294413913515e-10,1.0,736
1.0224683066143022e-09,1.0,8.609589931644221e-10,1.0,737
1.0193456803983207e-09,1.0,8.413777817503904e-10,1.0,738
1.016185783104519e-09,1.0,8.397173935903663e-10,1.0,739
1.0130685017920827e-09,1.0,8.351296012983312e-10,1.0,740
1.0098275997920427e-09,1.0,8.316967063305838e-10,1.0,741
1.0706323045631362e-09,1.0,8.307397762616298e-10,1.0,742
1.0676480150321292e-09,1.0,8.298168943926651e-10,1.0,743
1.0650489784329615e-09,1.0,8.447034120648234e-10,1.0,744
9.993438627379517e-10,1.0,8.24281892061468e-10,1.0,745
8.703766777869277e-09,1.0,3.4621075483929496e-09,1.0,746
1.5719187025213074e-08,1.0,1.1246331339986109e-09,1.0,747
2.7594527057870646e-08,1.0,1.130441794910626e-09,1.0,748
1.5723654660249713e-08,1.0,3.900903510546916e-09,1.0,749
5.6825757102746775e-09,1.0,1.1296255777527663e-09,1.0,750
1.7235843115639664e-08,1.0,9.765309758061064e-10,1.0,751
6.943543712149883e-09,1.0,1.854029113071638e-09,1.0,752
3.428248034732701e-08,1.0,1.1229146862084984e-09,1.0,753
9.529072184864605e-09,1.0,9.302274148886847e-09,1.0,754
8.643394616459012e-09,1.0,1.118791975729394e-09,1.0,755
2.2008406066425455e-09,1.0,1.5904104901234894e-07,1.0,756
3.819197346977516e-08,1.0,7.837459106544365e-09,1.0,757
3.8000604868489467e-08,1.0,3.313201204030175e-09,1.0,758
1.2174948301686977e-08,1.0,8.21859722094147e-10,1.0,759
9.966979754768982e-10,1.0,8.243028294255109e-10,1.0,760
9.940867887127932e-10,1.0,8.186550401699059e-10,1.0,761
9.914306100136048e-10,1.0,8.156495460660421e-10,1.0,762
1.114981693322595e-09,1.0,9.598833930860736e-10,1.0,763
1.6837051842874634e-08,1.0,8.192141394033195e-10,1.0,764
9.89284178734656e-10,1.0,8.158615917248516e-10,1.0,765
9.865402123840256e-10,1.0,8.333543729475734e-10,1.0,766
9.836534840835347e-10,1.0,8.104618756815456e-10,1.0,767
9.807224972096601e-10,1.0,8.091233096452102e-10,1.0,768
9.777852293578118e-10,1.0,8.08308275534747e-10,1.0,769
9.74852773364267e-10,1.0,8.052494278674857e-10,1.0,770
9.71825838876132e-10,1.0,8.02794639180348e-10,1.0,771
1.1582716370303567e-09,1.0,9.470463767777433e-10,1.0,772
1.155469894788193e-09,1.0,9.443230987136327e-10,1.0,773
1.2163888007278178e-09,1.0,9.439722672514399e-10,1.0,774
1.213953174080416e-09,1.0,9.428341827310244e-10,1.0,775
1.1486673399322703e-09,1.0,9.379355910543947e-10,1.0,776
1.2092208428074505e-09,1.0,9.350448492826229e-10,1.0,777
1.0174285591578434e-09,1.0,7.893301050902718e-10,1.0,778
1.0143460361615712e-09,1.0,7.867032054733233e-10,1.0,779
9.490350396435918e-10,1.0,9.306702668529346e-10,1.0,780
1.0102381006391048e-09,1.0,9.290693464422629e-10,1.0,781
1.0079302655866879e-09,1.0,7.79812849710515e-10,1.0,782
1.0051847562289278e-09,1.0,9.3871212981416e-10,1.0,783
6.561410993996518e-09,1.0,9.279118165900649e-10,1.0,784
1.1378975964019087e-09,1.0,9.28281006800875e-10,1.0,785
1.1349986045473097e-09,1.0,9.25947102183104e-10,1.0,786
1.0689345637451502e-09,1.0,7.754019345860765e-10,1.0,787
9.396911759047057e-10,1.0,7.742553171989821e-10,1.0,788
9.366708928609142e-10,1.0,7.711376334938272e-10,1.0,789
9.336882811456324e-10,1.0,9.167945480260001e-10,1.0,790
9.942809706596807e-10,1.0,7.693053415503839e-10,1.0,791
1.4345557059525508e-09,1.0,3.1067051117799627e-09,1.0,792
4.91142534606179e-09,1.0,7.666345321025986e-10,1.0,793
9.331392728315397e-10,1.0,7.652196294916744e-10,1.0,794
9.301970862888836e-10,1.0,7.635471970105e-10,1.0,795
9.272884915784622e-10,1.0,7.626275771699822e-10,1.0,796
9.243190911643484e-10,1.0,7.577552982892489e-10,1.0,797
9.213905489568831e-10,1.0,7.743458749345843e-10,1.0,798
1.2351690650006717e-09,1.0,7.564054529788301e-10,1.0,799
2.623249975513426e-09,1.0,7.564372322965696e-10,1.0,800
9.792646913762195e-10,1.0,1.33849006204592e-09,1.0,801
1.0408626178914868e-09,1.0,1.9200055690898778e-09,1.0,802
1.481771913664672e-09,1.0,1.1919391295046143e-09,1.0,803
1.416873043488456e-09,1.0,1.0421885890372063e-09,1.0,804
1.1635883968334925e-09,1.0,1.1866827170968785e-09,1.0,805
1.2240749086499623e-09,1.0,1.5034743022656844e-09,1.0,806
1.2222777800699494e-09,1.0,1.1831392962637105e-09,1.0,807
1.157573644776378e-09,1.0,1.1834172208016692e-09,1.0,808
1.2180020207902965e-09,1.0,1.1795672790582679e-09,1.0,809
1.0896020967697093e-09,1.0,7.396379055928729e-10,1.0,810
8.973014455033259e-10,1.0,7.35740934951811e-10,1.0,811
9.582880345387195e-10,1.0,7.351169972651634e-10,1.0,812
9.562071443469233e-10,1.0,7.344312151049376e-10,1.0,813
8.908639889885579e-10,1.0,7.326115007740569e-10,1.0,814
9.516689754022986e-10,1.0,7.297242473781313e-10,1.0,815
1.1397141759511236e-09,1.0,7.307646202143508e-10,1.0,816
9.489741646465171e-10,1.0,7.273674940881958e-10,1.0,817
1.3259460026094594e-09,1.0,1.0171770046622324e-09,1.0,818
1.7658556972627822e-09,1.0,5.109551602237208e-09,1.0,819
2.776650666887545e-09,1.0,8.710020052018877e-10,1.0,820
1.069338370779453e-09,1.0,8.700700176333409e-10,1.0,821
9.405477872084883e-10,1.0,7.214841272246523e-10,1.0,822
8.747766625508229e-10,1.0,7.19586519932083e-10,1.0,823
9.355336408084384e-10,1.0,7.186000521482624e-10,1.0,824
8.706505761167919e-10,1.0,7.147364450526506e-10,1.0,825
9.317806037985627e-10,1.0,7.14322770392356e-10,1.0,826
8.666158888888199e-10,1.0,7.113891791819896e-10,1.0,827
9.272995094982073e-10,1.0,7.100806472635485e-10,1.0,828
8.62701571329647e-10,1.0,7.109485756778724e-10,1.0,829
9.234663899052291e-10,1.0,7.075992163531249e-10,1.0,830
8.586807857492811e-10,1.0,7.048686532327414e-10,1.0,831
9.198772352064411e-10,1.0,7.078679486253986e-10,1.0,832
1.0439145185860425e-09,1.0,1.2893976667961852e-09,1.0,833
1.1686719428969946e-09,1.0,1.138856639848038e-09,1.0,834
1.1037474525456587e-09,1.0,1.2844041607960143e-09,1.0,835
1.1020126402606605e-09,1.0,1.2819658835130486e-09,1.0,836
1.2898796962929272e-09,1.0,1.2816419947044376e-09,1.0,837
1.1616693304975652e-09,1.0,6.960183506613255e-10,1.0,838
1.1600891707289369e-09,1.0,6.950027077538589e-10,1.0,839
6.733642719420585e-08,1.0,1.7849189053244256e-07,1.0,840
1.0471045356242312e-07,1.0,7.490549897709586e-08,1.0,841
9.933374645833882e-08,1.0,1.5639539521316537e-09,1.0,842
5.4186727115483085e-08,1.0,3.898946391388596e-09,1.0,843
6.031067847687952e-08,1.0,1.5655949515254862e-09,1.0,844
4.59134135961842e-08,1.0,1.5919233539704864e-07,1.0,845
7.199015288676387e-08,1.0,1.5610223075021197e-09,1.0,846
7.281025229781413e-08,1.0,1.9512795058430707e-07,1.0,847
7.722916603290293e-08,1.0,1.2368982726634075e-08,1.0,848
5.1656324438719094e-08,1.0,3.895084927322747e-09,1.0,849
7.470203515981203e-08,1.0,2.5664223488069416e-08,1.0,850
6.79451147281096e-08,1.0,1.8972157053668543e-07,1.0,851
5.2601144405370125e-08,1.0,2.3471050186332612e-08,1.0,852
5.746217415044219e-08,1.0,3.1360392188868414e-07,1.0,853
8.656934435424884e-08,1.0,2.468396026401783e-07,1.0,854
7.034149225947496e-08,1.0,2.2446037778150203e-08,1.0,855
7.962232725673666e-08,1.0,2.288702523766901e-07,1.0,856
3.611736482558905e-08,1.0,6.77704869381126e-10,1.0,857
8.839487627549931e-10,1.0,1.5523179427438722e-09,1.0,858
1.8299569766393893e-09,1.0,6.769548030288241e-10,1.0,859
4.432307819441499e-08,1.0,6.739708924394838e-10,1.0,860
8.816572819037027e-10,1.0,6.747164446841523e-10,1.0,861
9.436550521981722e-10,1.0,6.743024626376604e-10,1.0,862
2.4494085497712568e-08,1.0,6.3727622914572125e-09,1.0,863
8.984468858321004e-08,1.0,2.2001886047335428e-08,1.0,864
7.210118827245204e-08,1.0,6.704455152135014e-10,1.0,865
8.14022901947987e-10,1.0,5.637615558820749e-09,1.0,866
1.0653927977150929e-09,1.0,6.696848419285198e-10,1.0,867
9.382147170087074e-10,1.0,6.684828519299729e-10,1.0,868
3.8633051928328297e-08,1.0,6.708964896428702e-10,1.0,869
8.744132809096613e-10,1.0,6.692475636171924e-10,1.0,870
9.363210752651787e-10,1.0,6.687256531475575e-10,1.0,871
9.350962829578202e-10,1.0,6.663889867819844e-10,1.0,872
9.33986506918511e-10,1.0,6.651474606666823e-10,1.0,873
2.3222091598157793e-08,1.0,1.9204310709404073e-07,1.0,874
9.520271251727326e-08,1.0,4.609117042840887e-09,1.0,875
4.519465586882517e-08,1.0,6.649005658588433e-10,1.0,876
8.688060207996884e-10,1.0,1.2470421141967697e-09,1.0,877
9.308175613805639e-10,1.0,1.2486583476748404e-09,1.0,878
5.0117010711719005e-08,1.0,1.0305482993110861e-08,1.0,879
3.047953984710985e-08,1.0,6.609670467880574e-10,1.0,880
9.285722759067169e-10,1.0,6.599470637044965e-10,1.0,881
8.64217816630454e-10,1.0,6.605420625300327e-10,1.0,882
9.261212397547811e-10,1.0,6.604847875391825e-10,1.0,883
8.618024238711812e-10,1.0,6.577608374568028e-10,1.0,884
9.236640797717068e-10,1.0,6.570362589033277e-10,1.0,885
6.633780394966137e-08,1.0,1.242877048930368e-09,1.0,886
6.785390457467001e-08,1.0,1.46747160103419e-07,1.0,887
4.1838897475593216e-08,1.0,6.572524653304085e-10,1.0,888
9.22598300796217e-10,1.0,6.552196680781222e-10,1.0,889
8.582981933834183e-10,1.0,6.55117932923916e-10,1.0,890
9.20203787154e-10,1.0,6.532484537643393e-10,1.0,891
8.559469789389973e-10,1.0,6.541017584767678e-10,1.0,892
9.179070184392246e-10,1.0,6.524998830327942e-10,1.0,893
3.072067026548774e-08,1.0,1.8853744650732736e-07,1.0,894
1.5629982397139093e-08,1.0,6.519023041292223e-10,1.0,895
8.538944958584923e-10,1.0,6.535695850939285e-10,1.0,896
1.0421053013355693e-09,1.0,6.550983905666683e-10,1.0,897
7.885838502912432e-10,1.0,4.605890645699195e-09,1.0,898
1.9478034235845417e-08,1.0,6.494093988053314e-10,1.0,899
8.507980932955855e-10,1.0,6.502346377497768e-10,1.0,900
8.49692892052856e-10,1.0,6.473518015890835e-10,1.0,901
1.6061878761238923e-09,1.0,6.47767208574854e-10,1.0,902
4.7194352619504676e-08,1.0,6.46726530104168e-10,1.0,903
7.842656031277931e-10,1.0,6.481009254082969e-10,1.0,904
9.093216048533032e-10,1.0,6.483977148599718e-10,1.0,905
9.085788517573401e-10,1.0,6.470193508486718e-10,1.0,906
3.285790701795528e-08,1.0,5.528326741132803e-08,1.0,907
4.4854491912941415e-08,1.0,6.452976895173343e-10,1.0,908
9.709106000785998e-10,1.0,6.459473109075118e-10,1.0,909
9.695688713039641e-10,1.0,6.427293543520127e-10,1.0,910
1.663326789031187e-09,1.0,6.447694421878771e-10,1.0,911
5.760631855425431e-08,1.0,2.39207508039944e-07,1.0,912
7.730566391595161e-08,1.0,2.644814117112408e-07,1.0,913
1.9657287198505464e-08,1.0,6.537824282663454e-10,1.0,914
9.032100241629183e-10,1.0,6.509234645197739e-10,1.0,915
8.389842374638976e-10,1.0,6.403282027705252e-10,1.0,916
3.449217912362003e-08,1.0,1.858820026117822e-07,1.0,917
1.4602693928812987e-08,1.0,6.41617893160003e-10,1.0,918
8.369837654653922e-10,1.0,6.390762012383929e-10,1.0,919
8.358856287076062e-10,1.0,6.570116072922375e-10,1.0,920
8.348319653642957e-10,1.0,9.286279157811753e-10,1.0,921
9.601118824910923e-10,1.0,6.474731714660589e-10,1.0,922
8.329052657305375e-10,1.0,6.359313190759718e-10,1.0,923
7.99476427754778e-08,1.0,6.856692318009639e-08,1.0,924
1.0444609153594287e-07,1.0,6.351715543439071e-10,1.0,925
4.427235411006893e-08,1.0,9.253261961128087e-10,1.0,926
8.934476355253255e-10,1.0,6.339119916113345e-10,1.0,927
1.813020960643464e-08,1.0,1.933255303363948e-07,1.0,928
3.6567681439066014e-08,1.0,6.329379998056894e-10,1.0,929
1.0174267288555142e-08,1.0,1.443860384643914e-07,1.0,930
6.883229371683977e-08,1.0,2.3862893057595505e-09,1.0,931
4.755315818763151e-08,1.0,9.107372076345389e-09,1.0,932
1.0204302086506002e-07,1.0,3.040646320965063e-07,1.0,933
7.293439122742606e-08,1.0,1.5212690904903292e-07,1.0,934
1.0336781031601713e-07,1.0,1.0565524760981906e-08,1.0,935
7.501681232209861e-08,1.0,9.237696110844523e-10,1.0,936
4.45825720222059e-08,1.0,1.524177916308072e-07,1.0,937
9.875664214934757e-08,1.0,8.624011700026128e-08,1.0,938
6.491252625254467e-08,1.0,1.8309546794401273e-07,1.0,939
8.278054341921245e-08,1.0,9.205604298657557e-10,1.0,940
4.874732835111119e-08,1.0,1.9536604160900782e-07,1.0,941
9.496567864592147e-08,1.0,1.1837621812344371e-07,1.0,942
7.741194720938195e-08,1.0,3.1355199859540476e-07,1.0,943
8.429361680266486e-08,1.0,1.1691402517189462e-07,1.0,944
8.145175637040761e-08,1.0,1.8995774741416853e-07,1.0,945
6.819139459676868e-08,1.0,9.223269978986803e-10,1.0,946
5.878295945851339e-08,1.0,1.0559873080435417e-08,1.0,947
9.691933748224217e-08,1.0,9.16820457991894e-10,1.0,948
9.117296714659127e-08,1.0,2.377123007082219e-09,1.0,949
8.226953952843192e-08,1.0,2.9601003290171256e-09,1.0,950
5.979070069392909e-08,1.0,2.3763117811489767e-09,1.0,951
4.5330821426622375e-08,1.0,9.158951583095668e-10,1.0,952
7.822635895008221e-08,1.0,1.8790859626094174e-07,1.0,953
7.424796638020782e-08,1.0,4.922134551447123e-07,1.0,954
8.005630318184788e-08,1.0,1.1284817680564347e-08,1.0,955
8.346541682465479e-08,1.0,3.276164799415713e-08,1.0,956
8.958937885701894e-08,1.0,2.3553170870360033e-07,1.0,957
4.3495892689647284e-08,1.0,9.127153965214058e-10,1.0,958
4.254840060464339e-08,1.0,1.921422288715478e-07,1.0,959
8.207380688414302e-08,1.0,9.106155627341634e-10,1.0,960
7.714814191090433e-08,1.0,2.1950527702538957e-08,1.0,961
9.577401938275997e-08,1.0,1.2022902544522656e-09,1.0,962
8.049341112988547e-08,1.0,8.052835873686937e-08,1.0,963
9.274219403259685e-08,1.0,2.2150448266574923e-07,1.0,964
9.716147660523795e-08,1.0,1.1134540411483872e-08,1.0,965
7.449345029300743e-08,1.0,5.643772254543158e-07,1.0,966
8.124874329272684e-08,1.0,9.066143339536703e-10,1.0,967
9.109820505113177e-08,1.0,3.5363819620481093e-09,1.0,968
1.0359939659572824e-07,1.0,1.1862352929814877e-08,1.0,969
9.854770888997111e-08,1.0,2.222323361727898e-07,1.0,970
6.350410551944148e-08,1.0,1.196905563597297e-09,1.0,971
9.166406369264168e-08,1.0,2.3405395528968274e-08,1.0,972
1.0265011731535473e-07,1.0,3.2376267361848974e-07,1.0,973
8.263394347900817e-08,1.0,2.305583064376024e-07,1.0,974
9.210444280095372e-08,1.0,9.522247284488192e-09,1.0,975
9.822858069390927e-08,1.0,9.524324994734689e-09,1.0,976
7.410829550408952e-08,1.0,3.5823899917979103e-07,1.0,977
1.0454144338911429e-07,1.0,3.094578202944864e-09,1.0,978
1.1249663260410388e-07,1.0,3.5370939203481583e-07,1.0,979
1.0997043627972317e-07,1.0,1.9564134213634453e-07,1.0,980
8.319828647766617e-08,1.0,3.0934258155613605e-09,1.0,981
8.3702825399813e-08,1.0,1.6116037575871722e-07,1.0,982
4.202904260346123e-08,1.0,3.6756603068286475e-09,1.0,983
1.0548511365521956e-07,1.0,9.51813729107981e-09,1.0,984
9.209878415396083e-08,1.0,3.236692841969533e-09,1.0,985
9.771769444148277e-08,1.0,1.5663058535843837e-07,1.0,986
9.007715088528081e-08,1.0,1.4258425655954764e-09,1.0,987
1.15648541118592e-07,1.0,2.24853742769348e-07,1.0,988
8.900260962454927e-08,1.0,1.1893279985750836e-09,1.0,989
7.833131729263789e-08,1.0,3.0873953704910415e-09,1.0,990
8.331871536289776e-08,1.0,8.869627676480637e-08,1.0,991
1.0630128558221092e-07,1.0,6.210787754188636e-08,1.0,992
1.0686900734958353e-07,1.0,1.188249268927945e-09,1.0,993
9.531395887870749e-08,1.0,2.8284861146065555e-07,1.0,994
9.089344351469916e-08,1.0,2.3244724134015974e-07,1.0,995
1.0958259689715178e-07,1.0,1.186113320255791e-09,1.0,996
1.0339429141221422e-07,1.0,1.290138350862553e-07,1.0,997
1.1185459089827897e-07,1.0,1.0682616152762538e-08,1.0,998
1.0490851706040562e-07,1.0,3.6874051317975663e-09,1.0,999
6.399270074392558e-08,1.0,1.1845808580029709e-09,1.0,1000
